Place Name,Sub-Places,Description,Latitude,Longitude,Sub-Place Images,Sub-Place Descriptions,Short Description
Yercaud,"Pagoda Point, Kiliyur Falls, Lady' Seat, Anna Park, Shevaroy Temple","Yercaud - The Jewel of the South
Nestled in the Shevaroy Hills of Tamil Nadu, Yercaud is a breathtaking hill station known as the ""Jewel of the South."" Surrounded by lush coffee plantations, serene lakes, and dense forests, it offers a tranquil escape from city life.

Why Visit Yercaud
- Cool Climate & Misty Hills – Perfect for a refreshing getaway.
- Scenic Viewpoints & Waterfalls – Experience nature at its finest.
- Adventure & Relaxation – From trekking trails to peaceful gardens.

Top Attractions in Yercaud
- Yercaud Lake – Enjoy a peaceful boat ride in the heart of the town.
- Pagoda Point – A stunning viewpoint offering panoramic views of Salem city.
- Kiliyur Falls – A 300-ft waterfall, perfect for trekking and nature lovers.
- Lady’s Seat – A mesmerizing sunset viewpoint overlooking Salem city.
- Shevaroy Temple – The highest point in Yercaud, dedicated to Lord Shevaroyan.
- Anna Park – A beautiful botanical garden ideal for family outings.

Activities to Enjoy
- Trekking through dense forests
- Exploring coffee plantations
- Camping & outdoor adventures

Experience the Perfect Blend of Nature & Adventure!
Whether you seek relaxation or adventure, Yercaud offers a perfect mix of scenic beauty, cultural heritage, and outdoor activities. Plan your visit today!",11.7753,78.2092,"IMAGE_UPDATED/yerkadu_1.jpg, IMAGE_UPDATED/yerkadu_2.jpeg, IMAGE_UPDATED/yerkadu_3.jpg, IMAGE_UPDATED/pagoda.jpg, IMAGE_UPDATED/kiliyur.jpg, IMAGE_UPDATED/lady_seat.jpg, IMAGE_UPDATED/anna_park.jpg, IMAGE_UPDATED/shevaroy_temple.jpg","Pagoda Point A stunning viewpoint in Yercaud offering breathtaking panoramic views of Salem city and the surrounding hills. Ideal for sunrise and sunset views making it a must-visit for photographers. Features a unique rock formation resembling a pagoda giving it its name.|||
Kiliyur Falls A majestic 300-ft waterfall, cascading down the Shevaroy Hills. Popular trekking destination with a scenic and slightly challenging trail. Best visited during the monsoon season for a mesmerizing water flow.|||
Ladys Seat A famous viewpoint with a telescope, offering stunning aerial views of Salem city. Historically known as a place where British women used to gather and enjoy the scenery. The view of twinkling city lights at night is particularly enchanting.|||
Anna Park A beautifully maintained botanical garden featuring a variety of native and exotic plants. Perfect for a peaceful stroll, with seasonal flower shows held annually. Features a Japanese garden section with well-manicured landscapes.|||
Shevaroy Temple An ancient temple dedicated to Lord Shevaroyan, the deity of the Shevaroy Hills. Located at the highest point in Yercaud offering scenic views of the hills. A sacred site for tribal communities known for its mystical underground cave inside the temple.
","A scenic hill station known for its coffee plantations, viewpoints, and pleasant climate."
1008 Lingam Temple,[],"1008 Lingam Temple – A Divine Marvel in Salem
Located in Salem, Tamil Nadu, the 1008 Lingam Temple is a remarkable spiritual destination dedicated to Lord Shiva. The temple is renowned for its 1008 Shiva Lingams, arranged in a perfectly structured manner across the premises, creating a majestic and divine aura.

Highlights of the 1008 Lingam Temple
- 1008 Shiva Lingams – Symbolizing eternity, devotion, and cosmic energy.
- Grand Central Lingam – A massive Shiva Lingam standing at the heart of the temple.
- Majestic Nandi Statue – A towering sacred bull, representing strength and devotion.

A Place of Spiritual Serenity
- The symmetrical arrangement of Lingams enhances the temple's unique architecture.
- The temple offers a peaceful atmosphere, perfect for meditation and spiritual reflection.
- The sacred pathways allow visitors to walk through and experience divine energy.

Festivals & Rituals
- Maha Shivaratri – The most significant festival, drawing thousands of devotees for prayers and rituals.
- Daily Aarti & Offerings – Witness the sacred rituals performed with deep devotion.

Why Visit
- Experience a powerful spiritual ambiance.
- Admire the unique temple architecture & Lingam symmetry.
- Participate in holy rituals & soak in the divine energy.

The 1008 Lingam Temple is not just a place of worship but a spiritual landmark that offers peace, devotion, and cultural heritage. Whether you are a devotee or an admirer of temple architecture, this temple is a must-visit in Salem.",11.5969,78.0806,"IMAGE_UPDATED/1008.jpg, IMAGE_UPDATED/1008_1.jpg, IMAGE_UPDATED/1008_2.jpg",,A unique temple featuring 1008 Shiva Lingams and a massive Nandi statue.
Mettur Dam,"Stanley Reservoir, Mettur Park, Mettur Hydro Electric Project","Mettur Dam – An Engineering Marvel & Scenic Retreat
Built across the Cauvery River in Salem, Tamil Nadu, Mettur Dam is one of India’s largest and oldest dams, constructed in 1934. This engineering marvel plays a crucial role in irrigation, hydroelectric power generation, and water supply for Tamil Nadu.

Highlights of Mettur Dam
- Stanley Reservoir – A vast water body formed by the dam, offering breathtaking panoramic views.
- Hydroelectric Power Generation – Contributes significantly to Tamil Nadu’s power supply.
- Monsoon Spectacle – The sight of water gushing through the dam gates is truly mesmerizing.

Tourist Attractions & Activities
- Mettur Park – A beautifully landscaped park with gardens, fountains, and seating areas, perfect for family outings.
- Mettur Hydro Electric Project – Showcasing the dam’s role in power generation.
- Boating in Stanley Reservoir – A must-try activity for adventure seekers & nature lovers.
- Viewpoint at the Top – Offers stunning panoramic views of the reservoir and surrounding hills.

Why Visit Mettur Dam
- A blend of nature, history, and engineering brilliance.
- Ideal for picnics, sightseeing, and photography.
- A perfect getaway for families, adventure lovers, and history enthusiasts.

Whether you’re fascinated by grand structures, serene landscapes, or adventure, Mettur Dam offers an unforgettable experience!",11.7995,77.8003,"IMAGE_UPDATED/mettur_dam_1.jpg, IMAGE_UPDATED/mettur_dam_2.jpg, IMAGE_UPDATED/mettur_dam_3.jpg, IMAGE_UPDATED/Stanley_Reservoir.jpg, IMAGE_UPDATED/mettur_park.jpeg, IMAGE_UPDATED/mettur_hydro_electric_project.jpg","Stanley Reservoir A vast artificial reservoir formed by the Mettur Dam playing a crucial role in irrigation and drinking water supply. One of the largest reservoirs in South India, supporting agriculture across Tamil Nadu. Offers scenic views of the surrounding hills making it a picturesque spot for visitors.|||
Mettur Park A beautifully landscaped park near the Mettur Dam, perfect for picnics and relaxation. Features lush greenery, walking trails, and seating areas for visitors to enjoy. A great place for families and nature lovers offering a peaceful environment.|||
Mettur Hydro Electric Project A major hydroelectric power station utilizing the Cauvery River's flow for electricity generation. One of Tamil Nadu’s key renewable energy sources providing power to surrounding regions. Visitors can witness the massive turbines and dam operations (restricted access in some areas).","One of India's largest dams, offering stunning views and a key water source for Tamil Nadu."
Kottai Mariamman Temple,[],"Kottai Mariamman Temple – A Sacred Landmark in Salem
Located in the heart of Salem, the Kottai Mariamman Temple is one of Tamil Nadu’s most revered and ancient temples. Dedicated to Goddess Mariamman, the deity of rain and prosperity, this temple is a significant spiritual and cultural landmark.

Highlights of Kottai Mariamman Temple
- Over 500 Years Old – A historic temple with deep religious importance.
- Dravidian-Style Architecture – Features intricate carvings and stunning sculptures.
- Sanctum of Goddess Mariamman – Beautifully decorated and filled with divine energy.

Spiritual & Cultural Significance
- Devotees believe the temple brings blessings of prosperity, health, and protection.
- The vibrant festivals, especially the annual Mariamman festival, attract thousands of devotees.
- The temple serves as a spiritual hub where prayers and rituals are performed with great devotion.

Festivals & Celebrations
- The Grand Fire-Walking Festival – Devotees walk on fire as a symbol of their faith.
- Navarathri & Tamil New Year Pujas – Major celebrations filled with traditional rituals.

Why Visit Kottai Mariamman Temple
- Experience centuries-old spiritual traditions.
- Admire the beautiful Dravidian architecture.
- Witness grand temple festivals & rituals.

The Kottai Mariamman Temple is not just a place of worship—it’s a cultural and spiritual gem that embodies Tamil Nadu’s rich heritage. Whether you seek divine blessings or architectural beauty, this temple is a must-visit in Salem!",11.6436,78.1217,"IMAGE_UPDATED/kottai_1.jpeg, IMAGE_UPDATED/kottai_2.jpeg, IMAGE_UPDATED/kottai_3.jpg",,"A famous temple dedicated to Goddess Mariamman, known for its grand annual festival."
Linga Bhairavi Temple,[],"Linga Bhairavi Temple – A Sacred Haven of Divine Feminine Energy
Nestled near the serene hills of Yercaud, the Linga Bhairavi Temple is a spiritually enriching destination dedicated to Goddess Bhairavi, a powerful manifestation of the divine feminine energy.

Highlights of Linga Bhairavi Temple:
- Dedicated to Goddess Bhairavi – A symbol of strength, protection, and grace.
- Tranquil & Divine Atmosphere – Perfect for meditation and spiritual awakening.
- Unique Temple Architecture – Blends traditional and modern artistic elements.

A Place of Peace & Spiritual Energy:
- The temple exudes powerful divine vibrations, drawing seekers from all backgrounds.
- The peaceful surroundings make it an ideal retreat for introspection and devotion.
- Regular prayers, meditations, and special rituals enhance the spiritual experience.

Rituals & Celebrations:
- Pournami Pooja – A special full moon ritual dedicated to Goddess Bhairavi.
- Devi Aradhana – A sacred offering to invoke divine blessings.
- Lamp Lighting Ceremony – Believed to bring prosperity and spiritual growth.

Why Visit Linga Bhairavi Temple?
- A sanctuary of divine feminine power and serenity.
- Experience meditation, spiritual energy, and devotion.
- Ideal for devotees, seekers, and those looking for peace.

The Linga Bhairavi Temple is more than just a place of worship – it’s a spiritual retreat where one can experience inner transformation and divine blessings. Whether you seek peace, guidance, or devotion, this temple is a must-visit in Yercaud!

Unlike traditional temples, the Linga Bhairavi Temple focuses on energy-based worship, attracting those who seek inner peace and meditation. The temple’s structure is designed to radiate divine energy, providing a deeply calming experience to visitors. Surrounded by lush greenery, the temple offers an ideal setting for yoga, meditation, and self-reflection.

The rituals performed here, including Aarti, special pujas, and meditation sessions, add to the spiritual essence of the temple. Devotees believe that prayers offered at Linga Bhairavi Temple bring inner strength, prosperity, and well-being. The temple is especially vibrant during Navaratri, when devotees gather to celebrate the divine feminine energy with special ceremonies and offerings.

Whether you are a devotee, a spiritual explorer, or someone seeking a peaceful retreat, Linga Bhairavi Temple near Yercaud provides a deeply fulfilling experience, blending devotion, energy, and tranquility in a breathtaking natural setting.",11.7065,78.0907,"IMAGE_UPDATED/linga_1.jpeg, IMAGE_UPDATED/linga_2.jpg, IMAGE_UPDATED/linga_3.jpg",,A serene temple known for its powerful spiritual energy and meditation spaces.
Salem Steel Plant,[],"Salem Steel Plant – A Pillar of India's Industrial Growth
The Salem Steel Plant (SSP), a prestigious unit of the Steel Authority of India Limited (SAIL), has been a key player in India’s industrial development since its establishment in 1973. This state-of-the-art steel plant specializes in producing high-quality stainless steel, serving diverse industries across the nation.

Key Features of Salem Steel Plant:
- Specializes in Cold-Rolled & Hot-Rolled Stainless Steel – Used in construction, automotive, and manufacturing industries.
- Advanced Technology & Precision Engineering – Ensures high-quality steel production.
- Plays a Crucial Role in India’s Infrastructure Development – Supports industrial growth and exports.

Industries Benefiting from SSP’s Steel:
- Construction – Durable and corrosion-resistant steel for buildings and infrastructure.
- Automotive – High-strength materials used in vehicle components.
- Manufacturing – Essential for machinery, appliances, and industrial tools.

Industrial Excellence & Sustainability:
- The plant follows eco-friendly production methods to minimize environmental impact.
- Committed to innovation, research, and quality assurance in steel production.

Why Visit Salem Steel Plant?
- Witness one of India’s premier steel manufacturing units.
- Learn about the steel production process & advanced technology.
- Understand India’s role in global steel exports & industrial growth.

The Salem Steel Plant stands as a symbol of industrial excellence and innovation, contributing to nation-building and economic progress. Whether you are an industry professional, engineering enthusiast, or student, this plant offers valuable insights into modern steel production.

Spread over a vast area, the Salem Steel Plant is equipped with advanced technology, including a hot rolling mill, cold rolling mill, and state-of-the-art annealing and pickling lines. The plant is renowned for producing high-quality stainless steel and silicon steel sheets, which are widely used in electrical and engineering applications.

Though it primarily functions as an industrial facility, the plant occasionally allows educational and industrial visits, offering students and engineers an opportunity to explore the various stages of steel production, processing, and quality control. The plant also emphasizes environmental sustainability, implementing eco-friendly practices such as waste recycling and energy-efficient manufacturing processes.

Located in the heart of Salem, the steel plant has significantly contributed to the region's economic growth, providing employment opportunities and supporting numerous industries. Whether you are an industry professional, an aspiring engineer, or simply interested in India's steel industry, the Salem Steel Plant stands as an important landmark showcasing the country's metallurgical expertise and industrial progress.",11.6601,78.0276,"IMAGE_UPDATED/steel_plant_1.jpeg, IMAGE_UPDATED/steel_plant_2.jpeg, IMAGE_UPDATED/steel_plant_3.jpeg",,"A major industrial site contributing to India's steel production, operated by SAIL."
Paravasa Ulagam Water Theme Park,"Water rides, wave pool, amusement rides","Paravasa Ulagam – The Ultimate Water & Amusement Park Near Salem
Paravasa Ulagam is a thrilling water and amusement park located near Salem, offering a perfect getaway for families, friends, and adventure seekers. Spread across a vast area, this park is packed with exciting rides, water attractions, and fun-filled activities, making it one of the top recreational spots in the region.

Highlights of Paravasa Ulagam:
- Thrilling Water Slides – Experience high-speed, adrenaline-pumping water rides.
- Giant Wave Pool – Enjoy a beach-like experience with artificial ocean waves.
- Rain Dance & Fun Zones – Dance under sprinkling showers with lively music.
- Exciting Amusement Rides – From roller coasters to bumper cars, there's something for everyone.

Attractions & Activities:
- High-Speed Water Rides – Perfect for thrill-seekers.
- Amusement Rides & Ferris Wheel – Enjoy gravity-defying fun.
- Family & Kids’ Pools – Safe and enjoyable water activities for all ages.
- Relaxation Areas – Well-maintained gardens & shaded seating spots.

Why Visit Paravasa Ulagam:
- Ideal for family outings, school trips, and group adventures.
- A perfect mix of thrill, fun, and relaxation.
- Best visited during summer for a refreshing water experience.

Whether you're looking for exhilarating rides, a relaxing escape, or a fun-filled day with loved ones, Paravasa Ulagam guarantees an unforgettable experience!

One of the main attractions of Paravasa Ulagam is its giant water slides, where visitors can enjoy an adrenaline rush as they splash into the cool water. The wave pool simulates the experience of ocean waves, providing an exciting beach-like atmosphere. For those who enjoy adventure, the park offers rafting, boating, and artificial waterfalls, adding to the fun-filled experience.

Apart from water attractions, the amusement park section features roller coasters, bumper cars, a 3D theatre, and a virtual reality gaming zone, ensuring endless entertainment. The kids' play area is designed with smaller slides and shallow pools, making it a safe and enjoyable space for young children.

The park also offers various food stalls and restaurants serving delicious snacks and refreshments, allowing visitors to relax and refuel between rides. With its picturesque surroundings, thrilling rides, and refreshing water attractions, Paravasa Ulagam is a must-visit destination for anyone looking to enjoy a day of fun, relaxation, and adventure in Salem.",11.5264,78.1503,"IMAGE_UPDATED/paravasa_1.jpeg, IMAGE_UPDATED/paravasa_2.jpeg, IMAGE_UPDATED/paravasa_3.jpeg, IMAGE_UPDATED/water_rides.jpeg, IMAGE_UPDATED/wave_pool.jpg, IMAGE_UPDATED/amusement_rides.jpeg","Water Rides A collection of exciting water slides and attractions, perfect for adventure seekers. Includes tube slides, lazy rivers, and splash pools, ensuring fun for all age groups. Offers a safe and well-maintained environment for visitors to enjoy water-based activities.|||
Wave Pool A massive pool designed to simulate ocean waves, providing a beach-like experience. Waves of varying intensity ensure a thrilling yet safe water adventure. Ideal for families and groups offering a fun and refreshing escape from the heat.|||
Amusement Rides Features a variety of thrill rides, roller coasters, and family-friendly attractions. Includes merry-go-rounds, bumper cars, Ferris wheels, and high-speed rides. A perfect destination for both kids and adults, ensuring an enjoyable theme park experience.

",A popular water theme park offering thrilling rides and a wave pool experience.
Kailasanathar Temple (Tharamangalam),[],"Kailasanathar Temple – A Timeless Architectural Marvel
Located in Tharamangalam, near Salem, the Kailasanathar Temple is a historical masterpiece dedicated to Lord Shiva. This ancient temple stands as a symbol of Tamil Nadu’s rich heritage, renowned for its exquisite stone carvings and remarkable craftsmanship.

Architectural Highlights of Kailasanathar Temple:
- Intricate Stone Carvings – Showcasing divine tales and mythological figures.
- Beautifully Sculpted Pillars – Adorned with finely detailed engravings.
- Rotating Stone Sculptures – A fascinating architectural wonder unique to this temple.

Spiritual & Cultural Significance:
- The temple is a sacred site for Shiva devotees, attracting pilgrims year-round.
- The main sanctum houses a majestic Shiva Lingam, radiating divine energy.
- The temple reflects Dravidian architecture, blending art and devotion.

Why Visit Kailasanathar Temple:
- A must-visit for history, culture, and architecture lovers.
- Witness the rare rotating stone sculptures – a true engineering marvel.
- Experience spiritual peace in a serene, historical setting.

The Kailasanathar Temple is more than just a place of worship—it is a journey through history, devotion, and artistic excellence. Whether you seek divine blessings or wish to admire ancient craftsmanship, this temple is a must-visit near Salem!

One of the most fascinating features of the temple is its rotating stone chains and lotus carvings, which are crafted from a single block of stone. These rotating sculptures, created centuries ago, showcase the exceptional craftsmanship of South Indian artisans. The temple walls are adorned with detailed relief carvings depicting stories from Hindu mythology, adding to the artistic brilliance of the site.

The main sanctum houses the Shiva Lingam, and the temple structure follows the classic Dravidian style of architecture, with grand entrance towers and exquisitely carved stone pillars. The temple is particularly lively during Shivaratri, when devotees gather to offer prayers and participate in special rituals.

Surrounded by a peaceful atmosphere, the Kailasanathar Temple is not only a place of worship but also a historical treasure that offers a glimpse into ancient Tamil architecture and cultural heritage. Whether you are a devotee, a history lover, or an admirer of fine craftsmanship, this temple is an unmissable attraction near Salem.",11.6956,77.9705,"IMAGE_UPDATED/kaila_1.jpeg, IMAGE_UPDATED/kaila_2.jpg, IMAGE_UPDATED/kaila_3.jpg",,An ancient temple with stunning stone carvings and unique rotating sculptures.
Kurumbapatti Zoological Park,"Deer Park, Peacock Garden, Children's Play Area","Kurumbapatti Zoological Park – A Nature Lover’s Retreat
Located on the outskirts of Salem, the Kurumbapatti Zoological Park is a small yet well-maintained zoo, offering a refreshing escape into nature. Spread across 11 hectares, this park serves as a recreational and educational hub, especially for wildlife enthusiasts, bird watchers, and families with children.

Highlights of Kurumbapatti Zoological Park:
- Spotted Deer Enclosure – Watch herds of graceful spotted deer roam in their natural habitat.
- Peacock & Bird Sanctuary – Home to parakeets, eagles, migratory birds, and vibrant peacocks.
- Reptile Zone – Features snakes, lizards, and tortoises, adding to the park’s biodiversity.
- Children’s Play Area – Equipped with swings and slides, making it perfect for families.

Eco-Friendly & Serene Ambiance:
- Designed to provide a natural and eco-conscious environment.
- Well-maintained walking trails allow visitors to explore at a relaxed pace.
- Offers a peaceful retreat from city life, surrounded by lush greenery.

Why Visit Kurumbapatti Zoological Park:
- A perfect family-friendly destination to experience wildlife and nature up close.
- Ideal for bird watchers, nature lovers, and photography enthusiasts.
- A great place to educate children about wildlife conservation.

Whether you’re looking for a peaceful outing, a fun day with family, or a learning experience, Kurumbapatti Zoological Park is a must-visit for nature lovers in Salem!",11.7449,78.1698,"IMAGE_UPDATED/kuru_1.jpeg, IMAGE_UPDATED/kuru_2.jpeg, IMAGE_UPDATED/kuru_3.jpeg, IMAGE_UPDATED/deer_park.jpeg, IMAGE_UPDATED/peacock_garden.jpeg, IMAGE_UPDATED/childrens_park.jpeg","Deer Park A special enclosure designed to house spotted deer in their natural habitat. Offers visitors a chance to observe deer up close in a safe and eco-friendly environment. A great spot for wildlife enthusiasts and photographers to capture these graceful animals.|||
Peacock Garden A dedicated section of the zoo featuring vibrant and majestic peacocks. Visitors can witness peacocks spreading their colorful feathers during the breeding season. Provides a serene and nature-filled ambiance perfect for relaxation and birdwatching.|||
Children's Play Area A fun-filled zone equipped with swings, slides, and interactive play structures. Specially designed for young children to enjoy outdoor activities safely. Features soft flooring and shaded seating areas for parents to supervise comfortably.
","A small zoological park home to deer, peacocks, and other wildlife species."
Sugavaneswarar Temple,[],"Sugavaneswarar Temple – A Sacred & Historical Landmark in Salem
Situated in the heart of Salem, the Sugavaneswarar Temple is a revered Hindu shrine dedicated to Lord Shiva. With a rich history dating back to the 13th century, this temple stands as an important spiritual and architectural treasure of Tamil Nadu.

Historical & Mythological Significance:
- Built during the Pandya Dynasty – Showcases centuries-old Dravidian architecture.
- Associated with Sage Suga – According to legend, Sage Suga worshipped Lord Shiva here to seek divine blessings.
- An Ancient Center of Devotion – A sacred site that has attracted devotees for over 700 years.

Architectural Marvels:
- Features intricately carved stone pillars and stunning Dravidian-style gopurams (tower gateways).
- The main sanctum houses the revered Shiva Lingam, radiating divine energy.
- The temple complex is adorned with detailed sculptures and mythological carvings.

Festivals & Rituals:
- Maha Shivaratri – A grand festival celebrated with night-long prayers and rituals.
- Karthigai Deepam – The temple is beautifully illuminated with thousands of lamps.
- Pradosham Pooja – A sacred ritual performed twice a month for devotees.

Why Visit Sugavaneswarar Temple:
- Experience divine serenity and spiritual fulfillment.
- Witness exquisite temple architecture and centuries-old heritage.
- Participate in sacred rituals and traditional festivals.

The Sugavaneswarar Temple is a blend of devotion, history, and architectural brilliance. Whether you seek spiritual peace, cultural heritage, or divine blessings, this temple is a must-visit in Salem! 
The temple showcases stunning Dravidian architecture, featuring intricately carved stone pillars, towering gopurams (gateway towers), and beautifully sculpted deities. The sanctum sanctorum (garbhagriha) houses the main Shiva Lingam, worshipped as Sugavaneswarar, while the temple complex also includes shrines dedicated to Goddess Parvati, Lord Ganesha, and Lord Murugan.
A visit to the temple offers a peaceful and divine experience, with daily pujas and special rituals conducted in traditional Tamil Shaivite customs. The temple comes alive during festivals like Maha Shivaratri and Pradosham, attracting thousands of devotees who gather to offer prayers and participate in religious celebrations.
Apart from its spiritual significance, the Sugavaneswarar Temple stands as a symbol of Salem’s rich cultural and historical heritage, making it a must-visit site for both pilgrims and history enthusiasts.",11.6572,78.1597,"IMAGE_UPDATED/sugu_1.jpeg, IMAGE_UPDATED/sugu_2.jpg, IMAGE_UPDATED/sugu_3.jpg",,"A historic Shiva temple in Salem, known for its Dravidian architecture and cultural significance."
